{"listaLaboratory":{"1":"Azuqueca","13":"Budingen","14":"Manzanares","23":"Portugal ","3":"Poznan","12":"Romano"},"listaPlant":{"11":"Azuqueca","18":"Budingen Factory","20":"Competitors","6":"La  Cartuja ","7":"Manzanares","24":"Portugal","4":"Poznan Factory","16":"Romano Factory"},"listaRequestor":{"2":"Alina Mcloughin","5":"Juan Infante C.","6":"Adm Admin","7":"ramirez antonio","8":"jimenez arturo","9":"paredez miguel","11":"ramirez miguel","14":"PRUEBAS JUAN","15":"gomez huertas  marta","16":"PERES DE LOS ARBOLES Y RAMAS  OSCAR","18":"Juan Infante","19":"Carlos Mendoza","20":"carlos perez","21":"Agustin Supervisor Azuqueca","23":"Jesús Valenciano","24":"Javier Gil","25":"Alfredo Marín","26":"Javier Gutiérrez Fernández","27":"Raquel García Calvo","28":"Alvaro Carbajo","29":"Raquel Villamor-Sánchez","30":"Arturo Corral","31":"Asunción Rodríguez","32":"Cristobal Gimeno","33":"Jesús Gutiérrez","34":"Javier López","35":"Vicente Jiménez","36":"Holger Fricke","37":"Jens Maertens","38":"Dieter Neidhardt","39":"Christian Moeser","40":"Karol Borecki","41":"Piotr Galczynski","42":"Robert Michalak","43":"Jeanfrancois Sarrau","44":"Giovanni Mologni","45":"Luca Brisotto","46":"Florian Bucher","47":"Nuno Alexandre","48":"Carlos Borasino","52":"Javi Guti","53":"GC R","55":"javilini guti","56":"ProjectLeader AProjectLeader","59":"Pablo Gutiérrez Fernández","62":"0 Pendiente Asignar","63":"Couceiro Alba","64":"------ -----","65":"------ -----","66":"Agustin Tecnico Azuqueca","67":"PruebaAgus PruebaAgus","68":"Daniel Jimenez","69":"Rafael Pérez GIl","70":"Fernando De la Fuente","71":"Miguel García"},"listaLabTechnician":{"62":"0 Pendiente Asignar","66":"Agustin Tecnico Azuqueca","25":"Alfredo Marín","48":"Carlos Borasino","39":"Christian Moeser","38":"Dieter Neidhardt","24":"Javier Gil","55":"javilini guti","37":"Jens Maertens","67":"PruebaAgus PruebaAgus","14":"PRUEBAS JUAN"},"listaStatus":{"1":"Pending Request","2":"Request Made","3":"Request Accepted by the Laboratory","4":"Batteries in Manufacturing","5":"Batteries Shipped to the Lab","6":"Batteries Received in the Laboratory","7":"Batteries in Warehouse Pending Test","8":"Test in Progress","9":"Test in Progress and Pending Partial Shipment","10":"Test in Progress in Several Laboratories","11":"Paused Test With Need for Intervention","12":"Paused Test Attended","13":"Test Resumed","14":"Test Finished","15":"Batteries in Warehouse","16":"Batteries Removed","17":"CANCELLED - test"},"listaTypeBattery":{"18":"D01","19":"D02","20":"D04","21":"D05","22":"D06","23":"D2","24":"D26","25":"D3","26":"L03","28":"L5","29":"LH4","30":"GR-34 PTC","31":"L02","32":"D03","33":"L1","34":"L2","35":"D07","36":"D08","37":"L6","38":"L234","39":"aaaaaaaaaaaaaaaaaaaaaaa","42":"L01","43":"L01055C60-A","44":"EPzV","45":"4 EPzV 280","46":"L02069A","47":"170","48":"D02076W16-A","49":"109.9","50":"D05111C39-A"},"listaNormative":{"1":"EN503421-1 (2015)","14":"EN50342-6","10":"PRUEBA2AGUS","13":"PRUEBA5AGUS","9":"PRUEBAAGUS","5":"RENAULT 36 11 003 RNDS S\u0026S (2011)","7":"SCANIA TB4231 (2013)","4":"VW75073 (2020-03)"},"listaGpn":{"0":"0","03EPZV0210STC":"03EPZV0210STC","1":"1","agus":"agus","AGUS1":"AGUS1","AS":"AS","d":"d","D02072C03-A":"D02072C03-A","D02076W16-A":"D02076W16-A","D02087C20-A":"D02087C20-A","D03076C01-A":"D03076C01-A","D03085C10-A":"D03085C10-A","D05104W37-B":"D05104W37-B","D05111C39-A":"D05111C39-A","D05xxx":"D05xxx","D06116C":"D06116C","D06119C25-A":"D06119C25-A","D26 AM new":"D26 AM new","Do5115C40-A":"Do5115C40-A","ftyt":"ftyt","G34081M03-A":"G34081M03-A","L01":"L01","L01 Clarios":"L01 Clarios","L01 EFB VW - 1A2A sin ME":"L01 EFB VW - 1A2A sin ME","L01 EFB VW 1B2A conME":"L01 EFB VW 1B2A conME","L01 VW EFB - 1A1A con ME":"L01 VW EFB - 1A1A con ME","L01 VW EFB - 1A1A sin ME":"L01 VW EFB - 1A1A sin ME","L01 VW EFB - 1B2A sin ME":"L01 VW EFB - 1B2A sin ME","L01 VW EFB - 2B2A sin ME":"L01 VW EFB - 2B2A sin ME","L01055C60-A":"L01055C60-A","L02 RE EFB Opt 2":"L02 RE EFB Opt 2","L02049C86-A":"L02049C86-A","L02067C":"L02067C","L02067C69-C":"L02067C69-C","L02069A - L2 AGM Renault":"L02069A - L2 AGM Renault","L03":"L03","L03 EFB AM Clarios":"L03 EFB AM Clarios","L03 EFB Yuasa":"L03 EFB Yuasa","L03089C":"L03089C","L234":"L234","New D26 AM EFB PR1712":"New D26 AM EFB PR1712","New D26 AM EFB PR1714":"New D26 AM EFB PR1714","Prueba Fn":"Prueba Fn"},"FromDate":"2021-01-01","ToDate":"2050-12-31","listaData":[],"Leyenda":[{"Codigo":1,"Nombre":"","ColorCodigo":"#a2c3c8","Descripcion":"Pending Request","ColorFuenteCodigo":"#black"},{"Codigo":2,"Nombre":"","ColorCodigo":"#fee8a6","Descripcion":"Request Made","ColorFuenteCodigo":"#black"},{"Codigo":3,"Nombre":"","ColorCodigo":"#698c94","Descripcion":"Request Accepted by the Laboratory","ColorFuenteCodigo":"#black"},{"Codigo":4,"Nombre":"","ColorCodigo":"#b6d7a8","Descripcion":"Batteries in Manufacturing","ColorFuenteCodigo":"#black"},{"Codigo":5,"Nombre":"","ColorCodigo":"#4d5253","Descripcion":"Batteries Shipped to the Lab","ColorFuenteCodigo":"#FFF"},{"Codigo":6,"Nombre":"","ColorCodigo":"#092c48","Descripcion":"Batteries Received in the Laboratory","ColorFuenteCodigo":"#FFF"},{"Codigo":7,"Nombre":"","ColorCodigo":"#8196ab","Descripcion":"Batteries in Warehouse Pending Test","ColorFuenteCodigo":"#black"},{"Codigo":8,"Nombre":"","ColorCodigo":"#a5acba","Descripcion":"Test in Progress","ColorFuenteCodigo":"#black"},{"Codigo":9,"Nombre":"","ColorCodigo":"#485136","Descripcion":"Test in Progress and Pending Partial Shipment","ColorFuenteCodigo":"#FFF"},{"Codigo":10,"Nombre":"","ColorCodigo":"#5c412f","Descripcion":"Test in Progress in Several Laboratories","ColorFuenteCodigo":"#FFF"},{"Codigo":11,"Nombre":"","ColorCodigo":"#7a9b89","Descripcion":"Paused Test With Need for Intervention","ColorFuenteCodigo":"#black"},{"Codigo":12,"Nombre":"","ColorCodigo":"#b79b77","Descripcion":"Paused Test Attended","ColorFuenteCodigo":"#black"},{"Codigo":13,"Nombre":"","ColorCodigo":"#d06969","Descripcion":"Test Resumed","ColorFuenteCodigo":"#black"},{"Codigo":14,"Nombre":"","ColorCodigo":"#b38396","Descripcion":"Test Finished","ColorFuenteCodigo":"#black"},{"Codigo":15,"Nombre":"","ColorCodigo":"","Descripcion":"Batteries in Warehouse","ColorFuenteCodigo":"#black"},{"Codigo":16,"Nombre":"","ColorCodigo":"#58869e","Descripcion":"Batteries Removed","ColorFuenteCodigo":"#black"},{"Codigo":17,"Nombre":"","ColorCodigo":"#FF0000","Descripcion":"CANCELLED - test","ColorFuenteCodigo":"#FFF"}]}